[	sys	573
[	ai_domain	554
[	other	167
[	fixpoint	151
[	gmp_zahlen	90
[	frontend_lift	56
[	stack_model	53
[	emit	23
[	ocaml_runtime	14
[	refine_walk	14
[	filter	9
[	dce_pass	7
[	gc	3
[	stl_pass	2
[	bap_glue	1
[	pass_driver	1
b2sum	ai_domain	990
b2sum	sys	417
b2sum	other	342
b2sum	stack_model	331
b2sum	gmp_zahlen	170
b2sum	dynlink	161
b2sum	frontend_lift	75
b2sum	gc	43
b2sum	ocaml_runtime	42
b2sum	emit	30
b2sum	fixpoint	21
b2sum	filter	17
b2sum	bap_glue	11
b2sum	dce_pass	8
b2sum	pass_driver	3
b2sum	stl_pass	3
b2sum	refine_walk	2
b2sum	producer_setup	1
base32	ai_domain	498
base32	sys	264
base32	other	185
base32	dynlink	153
base32	gmp_zahlen	75
base32	stack_model	68
base32	fixpoint	67
base32	frontend_lift	66
base32	ocaml_runtime	58
base32	gc	45
base32	emit	21
base32	filter	15
base32	refine_walk	3
base32	bap_glue	2
base32	pass_driver	2
base32	dce_pass	1
base32	producer_glue	1
base64	ai_domain	436
base64	sys	350
base64	other	142
base64	fixpoint	114
base64	dynlink	90
base64	gmp_zahlen	53
base64	frontend_lift	50
base64	stack_model	47
base64	ocaml_runtime	33
base64	gc	22
base64	emit	17
base64	filter	10
base64	refine_walk	8
base64	bap_glue	3
base64	pass_driver	3
base64	dce_pass	3
base64	extract	1
base64	stl_pass	1
basename	sys	360
basename	fixpoint	316
basename	ai_domain	140
basename	other	94
basename	refine_walk	94
basename	stack_model	53
basename	gmp_zahlen	48
basename	frontend_lift	31
basename	emit	17
basename	filter	12
basename	ocaml_runtime	5
basename	producer_setup	4
basename	bap_glue	3
basename	extract	3
basename	dce_pass	3
basename	pass_driver	3
basename	producer_glue	1
basename	stl_pass	1
basenc	ai_domain	523
basenc	sys	442
basenc	fixpoint	330
basenc	other	191
basenc	dynlink	157
basenc	gmp_zahlen	95
basenc	frontend_lift	88
basenc	refine_walk	59
basenc	stack_model	59
basenc	gc	47
basenc	ocaml_runtime	45
basenc	emit	24
basenc	filter	12
basenc	pass_driver	6
basenc	dce_pass	5
basenc	bap_glue	3
basenc	producer_setup	3
basenc	stl_pass	2
basenc	extract	1
cat	ai_domain	505
cat	sys	462
cat	other	151
cat	gmp_zahlen	65
cat	stack_model	58
cat	fixpoint	51
cat	frontend_lift	49
cat	emit	23
cat	filter	12
cat	ocaml_runtime	10
cat	pass_driver	4
cat	dce_pass	4
cat	refine_walk	3
cat	gc	2
cat	bap_glue	2
cat	producer_glue	1
cat	stl_pass	1
chgrp	ai_domain	816
chgrp	sys	396
chgrp	fixpoint	228
chgrp	other	216
chgrp	dynlink	157
chgrp	gmp_zahlen	144
chgrp	frontend_lift	89
chgrp	stack_model	87
chgrp	refine_walk	60
chgrp	emit	54
chgrp	ocaml_runtime	51
chgrp	gc	49
chgrp	filter	20
chgrp	dce_pass	5
chgrp	pass_driver	4
chgrp	stl_pass	4
chgrp	bap_glue	2
chgrp	extract	2
chmod	ai_domain	875
chmod	sys	362
chmod	other	228
chmod	dynlink	173
chmod	fixpoint	170
chmod	gmp_zahlen	147
chmod	frontend_lift	136
chmod	stack_model	69
chmod	ocaml_runtime	61
chmod	gc	56
chmod	emit	43
chmod	refine_walk	29
chmod	filter	24
chmod	pass_driver	6
chmod	dce_pass	6
chmod	bap_glue	2
chown	ai_domain	903
chown	sys	445
chown	other	277
chown	dynlink	158
chown	gmp_zahlen	111
chown	frontend_lift	103
chown	stack_model	95
chown	emit	54
chown	ocaml_runtime	53
chown	gc	44
chown	fixpoint	36
chown	filter	13
chown	refine_walk	10
chown	bap_glue	8
chown	pass_driver	8
chown	dce_pass	8
chown	stl_pass	4
chroot	ai_domain	501
chroot	sys	292
chroot	other	191
chroot	dynlink	155
chroot	fixpoint	148
chroot	frontend_lift	106
chroot	gmp_zahlen	87
chroot	stack_model	76
chroot	ocaml_runtime	70
chroot	gc	52
chroot	refine_walk	33
chroot	emit	22
chroot	filter	18
chroot	dce_pass	3
chroot	bap_glue	2
chroot	extract	2
chroot	producer_glue	1
chroot	stl_pass	1
chroot	pass_driver	1
cksum	ai_domain	2371
cksum	sys	1210
cksum	other	685
cksum	stack_model	451
cksum	gmp_zahlen	322
cksum	fixpoint	176
cksum	filter	126
cksum	emit	104
cksum	refine_walk	85
cksum	frontend_lift	58
cksum	ocaml_runtime	28
cksum	pass_driver	14
cksum	bap_glue	12
cksum	dce_pass	10
cksum	gc	6
cksum	stl_pass	6
cksum	producer_setup	2
comm	fixpoint	415
comm	sys	396
comm	ai_domain	175
comm	other	130
comm	refine_walk	98
comm	gmp_zahlen	64
comm	stack_model	49
comm	frontend_lift	43
comm	dynlink	34
comm	ocaml_runtime	23
comm	emit	19
comm	gc	16
comm	dce_pass	9
comm	filter	9
comm	pass_driver	4
comm	extract	3
comm	producer_glue	1
comm	producer_setup	1
comm	stl_pass	1
cp	ai_domain	1270
cp	sys	700
cp	other	334
cp	gmp_zahlen	180
cp	dynlink	158
cp	fixpoint	156
cp	stack_model	133
cp	refine_walk	129
cp	frontend_lift	87
cp	emit	78
cp	ocaml_runtime	44
cp	filter	44
cp	gc	36
cp	pass_driver	13
cp	bap_glue	7
cp	dce_pass	5
cp	producer_glue	2
csplit	ai_domain	2251
csplit	sys	1034
csplit	fixpoint	882
csplit	gmp_zahlen	459
csplit	other	453
csplit	dynlink	164
csplit	stack_model	152
csplit	frontend_lift	103
csplit	emit	91
csplit	ocaml_runtime	58
csplit	refine_walk	57
csplit	gc	43
csplit	filter	31
csplit	dce_pass	18
csplit	pass_driver	14
csplit	stl_pass	6
csplit	bap_glue	5
csplit	extract	3
csplit	producer_setup	3
csplit	producer_glue	1
cut	fixpoint	521
cut	sys	299
cut	other	225
cut	ai_domain	203
cut	dynlink	153
cut	refine_walk	116
cut	gmp_zahlen	90
cut	frontend_lift	79
cut	stack_model	59
cut	gc	43
cut	ocaml_runtime	39
cut	emit	25
cut	filter	10
cut	dce_pass	7
cut	bap_glue	3
cut	extract	2
cut	pass_driver	1
cut	stl_pass	1
date	ai_domain	1757
date	stack_model	882
date	sys	644
date	other	411
date	gmp_zahlen	183
date	dynlink	152
date	refine_walk	97
date	fixpoint	86
date	frontend_lift	71
date	emit	53
date	gc	46
date	ocaml_runtime	38
date	filter	31
date	pass_driver	11
date	bap_glue	7
date	dce_pass	5
date	stl_pass	3
date	producer_glue	1
dd	ai_domain	711
dd	sys	416
dd	other	286
dd	fixpoint	166
dd	dynlink	156
dd	gmp_zahlen	126
dd	frontend_lift	86
dd	stack_model	83
dd	ocaml_runtime	45
dd	emit	42
dd	gc	38
dd	refine_walk	37
dd	filter	17
dd	dce_pass	4
dd	pass_driver	3
dd	bap_glue	1
df	ai_domain	2450
df	sys	725
df	other	507
df	stack_model	383
df	gmp_zahlen	247
df	dynlink	150
df	frontend_lift	101
df	fixpoint	95
df	emit	59
df	ocaml_runtime	58
df	filter	49
df	gc	36
df	pass_driver	10
df	dce_pass	9
df	bap_glue	8
df	stl_pass	5
df	refine_walk	3
dir	ai_domain	3133
dir	sys	1312
dir	stack_model	690
dir	other	574
dir	gmp_zahlen	365
dir	dynlink	225
dir	frontend_lift	186
dir	fixpoint	150
dir	refine_walk	104
dir	emit	103
dir	ocaml_runtime	77
dir	gc	56
dir	filter	54
dir	pass_driver	16
dir	dce_pass	14
dir	bap_glue	9
dir	stl_pass	7
dir	producer_setup	1
dir	producer_glue	1
dircolors	fixpoint	383
dircolors	sys	349
dircolors	dynlink	264
dircolors	other	186
dircolors	ai_domain	184
dircolors	refine_walk	124
dircolors	frontend_lift	70
dircolors	gmp_zahlen	59
dircolors	gc	52
dircolors	stack_model	52
dircolors	ocaml_runtime	48
dircolors	emit	24
dircolors	filter	9
dircolors	bap_glue	7
dircolors	pass_driver	5
dircolors	dce_pass	4
dircolors	extract	3
dircolors	producer_setup	1
dirname	ai_domain	462
dirname	sys	291
dirname	dynlink	189
dirname	other	165
dirname	fixpoint	84
dirname	frontend_lift	70
dirname	gmp_zahlen	57
dirname	stack_model	55
dirname	ocaml_runtime	52
dirname	gc	46
dirname	emit	16
dirname	filter	10
dirname	dce_pass	4
dirname	refine_walk	2
dirname	bap_glue	1
dirname	extract	1
dirname	stl_pass	1
dirname	pass_driver	1
du	ai_domain	4878
du	sys	1506
du	other	1121
du	stack_model	837
du	gmp_zahlen	671
du	dynlink	196
du	emit	171
du	frontend_lift	166
du	filter	76
du	ocaml_runtime	63
du	fixpoint	59
du	gc	52
du	refine_walk	51
du	pass_driver	27
du	dce_pass	24
du	bap_glue	12
du	stl_pass	9
du	producer_setup	4
du	producer_glue	3
du	extract	1
echo	fixpoint	228
echo	sys	194
echo	ai_domain	88
echo	other	81
echo	refine_walk	60
echo	dynlink	47
echo	gmp_zahlen	31
echo	stack_model	26
echo	frontend_lift	24
echo	ocaml_runtime	20
echo	gc	12
echo	emit	8
echo	dce_pass	4
echo	filter	4
echo	extract	2
echo	stl_pass	2
echo	bap_glue	1
echo	producer_setup	1
echo	pass_driver	1
env	fixpoint	293
env	sys	221
env	ai_domain	208
env	other	147
env	dynlink	95
env	refine_walk	81
env	frontend_lift	76
env	gmp_zahlen	53
env	stack_model	40
env	ocaml_runtime	38
env	gc	30
env	filter	18
env	emit	14
env	pass_driver	3
env	bap_glue	2
env	extract	2
env	producer_setup	2
env	stl_pass	2
env	producer_glue	1
expand	sys	303
expand	ai_domain	198
expand	fixpoint	109
expand	other	108
expand	refine_walk	51
expand	gmp_zahlen	43
expand	stack_model	27
expand	frontend_lift	23
expand	emit	15
expand	ocaml_runtime	9
expand	filter	3
expand	bap_glue	2
expand	pass_driver	2
expand	extract	1
expand	dce_pass	1
expr	ai_domain	1493
expr	sys	593
expr	other	337
expr	gmp_zahlen	253
expr	stack_model	86
expr	dynlink	82
expr	frontend_lift	78
expr	fixpoint	50
expr	ocaml_runtime	41
expr	emit	40
expr	gc	31
expr	filter	28
expr	dce_pass	10
expr	refine_walk	8
expr	pass_driver	5
expr	stl_pass	4
expr	bap_glue	3
expr	producer_glue	1
factor	ai_domain	339
factor	sys	206
factor	other	117
factor	dynlink	99
factor	gmp_zahlen	60
factor	frontend_lift	53
factor	stack_model	43
factor	ocaml_runtime	30
factor	emit	22
factor	gc	19
factor	fixpoint	17
factor	filter	5
factor	pass_driver	2
factor	stl_pass	2
factor	bap_glue	1
false	ai_domain	166
false	sys	147
false	dynlink	90
false	other	66
false	fixpoint	60
false	frontend_lift	41
false	ocaml_runtime	34
false	gmp_zahlen	27
false	stack_model	26
false	gc	25
false	refine_walk	23
false	filter	3
false	emit	3
false	bap_glue	1
false	dce_pass	1
false	pass_driver	1
fmt	fixpoint	253
fmt	sys	203
fmt	ai_domain	113
fmt	other	94
fmt	dynlink	88
fmt	refine_walk	81
fmt	gmp_zahlen	41
fmt	frontend_lift	36
fmt	stack_model	30
fmt	ocaml_runtime	28
fmt	gc	25
fmt	emit	18
fmt	filter	7
fmt	dce_pass	4
fmt	extract	3
fmt	pass_driver	3
fmt	bap_glue	1
fmt	producer_glue	1
fmt	producer_setup	1
fold	fixpoint	223
fold	sys	142
fold	ai_domain	115
fold	dynlink	87
fold	other	83
fold	refine_walk	66
fold	frontend_lift	42
fold	gmp_zahlen	34
fold	stack_model	29
fold	ocaml_runtime	27
fold	gc	21
fold	emit	12
fold	filter	4
fold	bap_glue	1
fold	producer_setup	1
fold	stl_pass	1
fold	dce_pass	1
getlimits	ai_domain	214
getlimits	sys	189
getlimits	other	101
getlimits	dynlink	99
getlimits	fixpoint	45
getlimits	stack_model	44
getlimits	frontend_lift	43
getlimits	refine_walk	37
getlimits	gmp_zahlen	29
getlimits	ocaml_runtime	26
getlimits	gc	22
getlimits	emit	11
getlimits	filter	8
getlimits	bap_glue	2
getlimits	extract	2
getlimits	dce_pass	2
getlimits	pass_driver	2
ginstall	ai_domain	929
ginstall	sys	368
ginstall	other	313
ginstall	gmp_zahlen	103
ginstall	dynlink	94
ginstall	stack_model	75
ginstall	frontend_lift	57
ginstall	fixpoint	57
ginstall	emit	43
ginstall	ocaml_runtime	35
ginstall	gc	16
ginstall	filter	14
ginstall	pass_driver	8
ginstall	bap_glue	7
ginstall	dce_pass	5
ginstall	refine_walk	4
ginstall	stl_pass	3
ginstall	extract	1
ginstall	producer_glue	1
groups	fixpoint	223
groups	sys	135
groups	ai_domain	97
groups	dynlink	90
groups	other	79
groups	refine_walk	64
groups	frontend_lift	59
groups	gmp_zahlen	31
groups	ocaml_runtime	30
groups	stack_model	29
groups	gc	25
groups	emit	8
groups	filter	8
groups	extract	2
groups	dce_pass	2
groups	bap_glue	1
groups	stl_pass	1
groups	pass_driver	1
head	fixpoint	268
head	sys	200
head	ai_domain	120
head	other	96
head	dynlink	93
head	refine_walk	72
head	frontend_lift	39
head	gmp_zahlen	36
head	gc	31
head	stack_model	29
head	ocaml_runtime	25
head	emit	12
head	filter	8
head	dce_pass	3
head	bap_glue	2
head	pass_driver	2
head	extract	2
head	producer_setup	1
hostid	fixpoint	158
hostid	sys	148
hostid	dynlink	94
hostid	ai_domain	67
hostid	frontend_lift	56
hostid	refine_walk	54
hostid	other	53
hostid	ocaml_runtime	37
hostid	gmp_zahlen	33
hostid	gc	32
hostid	stack_model	31
hostid	emit	8
hostid	pass_driver	4
hostid	bap_glue	1
hostid	producer_setup	1
hostid	extract	1
hostid	filter	1
id	ai_domain	322
id	sys	199
id	other	108
id	dynlink	88
id	frontend_lift	58
id	fixpoint	50
id	gmp_zahlen	40
id	ocaml_runtime	33
id	stack_model	33
id	gc	32
id	emit	15
id	refine_walk	9
id	filter	7
id	bap_glue	3
id	pass_driver	2
id	stl_pass	1
id	dce_pass	1
join	ai_domain	349
join	sys	200
join	other	123
join	dynlink	93
join	gmp_zahlen	46
join	fixpoint	46
join	stack_model	41
join	frontend_lift	34
join	gc	25
join	ocaml_runtime	24
join	emit	13
join	filter	10
join	refine_walk	4
join	bap_glue	3
join	dce_pass	2
join	producer_setup	1
join	stl_pass	1
link	fixpoint	181
link	sys	130
link	dynlink	89
link	other	76
link	ai_domain	70
link	frontend_lift	48
link	refine_walk	48
link	ocaml_runtime	33
link	gmp_zahlen	32
link	gc	29
link	stack_model	24
link	emit	10
link	filter	7
link	dce_pass	5
link	bap_glue	2
link	extract	2
link	pass_driver	2
link	producer_setup	1
ln	fixpoint	419
ln	sys	231
ln	other	192
ln	ai_domain	153
ln	dynlink	87
ln	gmp_zahlen	78
ln	refine_walk	69
ln	stack_model	52
ln	frontend_lift	46
ln	ocaml_runtime	36
ln	gc	27
ln	emit	27
ln	filter	11
ln	bap_glue	4
ln	extract	4
ln	dce_pass	2
ln	pass_driver	1
logname	sys	141
logname	fixpoint	126
logname	ai_domain	117
logname	dynlink	82
logname	other	72
logname	frontend_lift	57
logname	refine_walk	53
logname	stack_model	29
logname	ocaml_runtime	27
logname	gc	23
logname	gmp_zahlen	21
logname	filter	6
logname	emit	4
logname	pass_driver	3
logname	dce_pass	1
ls	ai_domain	1265
ls	sys	592
ls	other	297
ls	stack_model	278
ls	gmp_zahlen	175
ls	fixpoint	144
ls	refine_walk	107
ls	emit	57
ls	frontend_lift	44
ls	filter	18
ls	dce_pass	14
ls	ocaml_runtime	13
ls	dynlink	9
ls	pass_driver	9
ls	bap_glue	5
ls	gc	4
ls	stl_pass	2
md5sum	ai_domain	276
md5sum	sys	198
md5sum	fixpoint	104
md5sum	other	102
md5sum	dynlink	94
md5sum	gmp_zahlen	54
md5sum	frontend_lift	48
md5sum	gc	32
md5sum	ocaml_runtime	30
md5sum	stack_model	30
md5sum	emit	16
md5sum	refine_walk	8
md5sum	filter	6
md5sum	stl_pass	2
md5sum	dce_pass	2
md5sum	pass_driver	2
md5sum	extract	1
mkdir	ai_domain	251
mkdir	sys	186
mkdir	fixpoint	146
mkdir	other	101
mkdir	dynlink	89
mkdir	frontend_lift	49
mkdir	gmp_zahlen	41
mkdir	refine_walk	40
mkdir	stack_model	36
mkdir	ocaml_runtime	34
mkdir	gc	25
mkdir	emit	18
mkdir	filter	11
mkdir	bap_glue	2
mkdir	extract	1
mkdir	stl_pass	1
mkdir	dce_pass	1
mkdir	pass_driver	1
mkfifo	ai_domain	271
mkfifo	sys	203
mkfifo	dynlink	103
mkfifo	other	91
mkfifo	frontend_lift	46
mkfifo	gmp_zahlen	43
mkfifo	fixpoint	38
mkfifo	ocaml_runtime	28
mkfifo	stack_model	27
mkfifo	gc	24
mkfifo	emit	9
mkfifo	bap_glue	4
mkfifo	refine_walk	4
mkfifo	filter	4
mkfifo	stl_pass	2
mkfifo	pass_driver	1
mkfifo	dce_pass	1
mknod	ai_domain	254
mknod	sys	197
mknod	fixpoint	93
mknod	dynlink	92
mknod	other	77
mknod	frontend_lift	52
mknod	gmp_zahlen	39
mknod	stack_model	36
mknod	gc	35
mknod	ocaml_runtime	34
mknod	refine_walk	9
mknod	emit	7
mknod	bap_glue	6
mknod	filter	3
mknod	dce_pass	3
mknod	producer_setup	1
mknod	extract	1
mknod	pass_driver	1
mktemp	fixpoint	229
mktemp	sys	143
mktemp	dynlink	93
mktemp	other	87
mktemp	ai_domain	85
mktemp	refine_walk	58
mktemp	gmp_zahlen	33
mktemp	stack_model	30
mktemp	frontend_lift	29
mktemp	ocaml_runtime	25
mktemp	gc	21
mktemp	filter	7
mktemp	emit	7
mktemp	extract	3
mktemp	bap_glue	2
mktemp	dce_pass	2
mktemp	pass_driver	2
mv	ai_domain	850
mv	sys	450
mv	other	334
mv	gmp_zahlen	116
mv	fixpoint	98
mv	stack_model	91
mv	refine_walk	79
mv	dynlink	77
mv	frontend_lift	69
mv	emit	48
mv	ocaml_runtime	37
mv	filter	33
mv	gc	31
mv	pass_driver	6
mv	bap_glue	5
mv	dce_pass	5
mv	stl_pass	2
mv	extract	1
nice	fixpoint	235
nice	sys	174
nice	ai_domain	105
nice	dynlink	83
nice	other	82
nice	refine_walk	68
nice	frontend_lift	61
nice	gmp_zahlen	32
nice	gc	31
nice	ocaml_runtime	30
nice	stack_model	26
nice	emit	11
nice	pass_driver	4
nice	filter	4
nice	bap_glue	2
nice	stl_pass	1
nice	dce_pass	1
nice	vla_detect	1
nl	ai_domain	1469
nl	sys	584
nl	other	422
nl	gmp_zahlen	226
nl	fixpoint	162
nl	dynlink	93
nl	stack_model	74
nl	frontend_lift	58
nl	ocaml_runtime	47
nl	emit	42
nl	gc	31
nl	filter	17
nl	refine_walk	15
nl	dce_pass	12
nl	bap_glue	6
nl	pass_driver	5
nl	stl_pass	3
nl	producer_glue	2
nl	extract	1
nl	producer_setup	1
nohup	sys	176
nohup	fixpoint	151
nohup	ai_domain	124
nohup	other	102
nohup	dynlink	93
nohup	refine_walk	62
nohup	frontend_lift	61
nohup	gc	37
nohup	stack_model	35
nohup	ocaml_runtime	33
nohup	gmp_zahlen	26
nohup	emit	10
nohup	filter	8
nohup	producer_setup	1
nohup	dce_pass	1
nohup	pass_driver	1
nproc	ai_domain	273
nproc	sys	189
nproc	other	105
nproc	dynlink	90
nproc	frontend_lift	47
nproc	gmp_zahlen	43
nproc	fixpoint	42
nproc	ocaml_runtime	27
nproc	gc	25
nproc	stack_model	23
nproc	emit	11
nproc	filter	5
nproc	pass_driver	4
nproc	bap_glue	2
nproc	stl_pass	2
nproc	dce_pass	2
nproc	extract	1
nproc	refine_walk	1
numfmt	ai_domain	505
numfmt	sys	283
numfmt	other	155
numfmt	dynlink	103
numfmt	gmp_zahlen	54
numfmt	frontend_lift	47
numfmt	stack_model	42
numfmt	ocaml_runtime	39
numfmt	gc	33
numfmt	emit	13
numfmt	filter	7
numfmt	dce_pass	5
numfmt	fixpoint	2
numfmt	pass_driver	2
numfmt	bap_glue	1
numfmt	producer_glue	1
od	fixpoint	780
od	ai_domain	596
od	sys	453
od	other	237
od	stack_model	223
od	refine_walk	205
od	gmp_zahlen	124
od	frontend_lift	35
od	emit	28
od	filter	12
od	bap_glue	6
od	dce_pass	6
od	pass_driver	5
od	extract	5
od	ocaml_runtime	3
od	producer_setup	3
od	gc	2
od	stl_pass	1
paste	fixpoint	218
paste	sys	175
paste	dynlink	103
paste	other	88
paste	ai_domain	75
paste	refine_walk	62
paste	frontend_lift	53
paste	stack_model	42
paste	gmp_zahlen	37
paste	ocaml_runtime	26
paste	gc	23
paste	emit	14
paste	dce_pass	6
paste	filter	5
paste	pass_driver	3
paste	bap_glue	2
paste	producer_setup	1
paste	extract	1
paste	producer_glue	1
paste	stl_pass	1
pathchk	sys	203
pathchk	fixpoint	203
pathchk	ai_domain	93
pathchk	other	74
pathchk	dynlink	55
pathchk	refine_walk	49
pathchk	stack_model	35
pathchk	frontend_lift	34
pathchk	gmp_zahlen	27
pathchk	gc	15
pathchk	ocaml_runtime	13
pathchk	emit	13
pathchk	extract	3
pathchk	filter	3
pathchk	bap_glue	1
pathchk	dce_pass	1
pathchk	pass_driver	1
pinky	fixpoint	256
pinky	sys	217
pinky	other	127
pinky	ai_domain	113
pinky	dynlink	94
pinky	frontend_lift	83
pinky	refine_walk	69
pinky	gmp_zahlen	49
pinky	ocaml_runtime	43
pinky	stack_model	37
pinky	gc	29
pinky	emit	11
pinky	filter	6
pinky	bap_glue	4
pinky	pass_driver	3
pinky	producer_setup	1
pinky	extract	1
pinky	dce_pass	1
pr	ai_domain	785
pr	sys	333
pr	stack_model	249
pr	other	174
pr	gmp_zahlen	108
pr	dynlink	96
pr	fixpoint	60
pr	refine_walk	48
pr	frontend_lift	42
pr	ocaml_runtime	25
pr	gc	19
pr	emit	19
pr	filter	12
pr	pass_driver	7
pr	dce_pass	5
pr	bap_glue	3
printenv	fixpoint	194
printenv	sys	177
printenv	ai_domain	98
printenv	dynlink	95
printenv	other	72
printenv	refine_walk	58
printenv	frontend_lift	54
printenv	gmp_zahlen	37
printenv	ocaml_runtime	35
printenv	stack_model	33
printenv	gc	25
printenv	emit	10
printenv	filter	3
printenv	bap_glue	2
printenv	extract	1
printenv	vla_detect	1
printenv	stl_pass	1
printf	ai_domain	994
printf	sys	425
printf	other	205
printf	stack_model	199
printf	gmp_zahlen	107
printf	fixpoint	80
printf	frontend_lift	29
printf	emit	14
printf	ocaml_runtime	12
printf	dynlink	12
printf	filter	12
printf	gc	10
printf	bap_glue	6
printf	refine_walk	6
printf	stl_pass	4
printf	dce_pass	3
printf	pass_driver	3
printf	producer_setup	1
printf	producer_glue	1
ptx	ai_domain	1098
ptx	fixpoint	715
ptx	sys	640
ptx	other	283
ptx	gmp_zahlen	277
ptx	stack_model	86
ptx	frontend_lift	43
ptx	refine_walk	41
ptx	emit	40
ptx	filter	27
ptx	dce_pass	14
ptx	ocaml_runtime	8
ptx	pass_driver	8
ptx	bap_glue	6
ptx	stl_pass	5
ptx	extract	4
pwd	sys	259
pwd	fixpoint	160
pwd	other	92
pwd	ai_domain	74
pwd	refine_walk	68
pwd	gmp_zahlen	32
pwd	stack_model	31
pwd	frontend_lift	26
pwd	emit	12
pwd	ocaml_runtime	7
pwd	filter	6
pwd	pass_driver	2
pwd	dce_pass	2
pwd	gc	1
readlink	fixpoint	238
readlink	sys	218
readlink	ai_domain	130
readlink	other	112
readlink	dynlink	89
readlink	frontend_lift	72
readlink	gmp_zahlen	55
readlink	refine_walk	53
readlink	gc	34
readlink	ocaml_runtime	33
readlink	stack_model	30
readlink	emit	13
readlink	filter	9
readlink	extract	3
readlink	dce_pass	2
readlink	bap_glue	1
readlink	producer_setup	1
readlink	stl_pass	1
readlink	pass_driver	1
realpath	sys	266
realpath	ai_domain	243
realpath	other	129
realpath	fixpoint	127
realpath	gmp_zahlen	57
realpath	dynlink	49
realpath	stack_model	44
realpath	frontend_lift	32
realpath	refine_walk	32
realpath	ocaml_runtime	16
realpath	emit	14
realpath	gc	13
realpath	filter	6
realpath	bap_glue	3
realpath	extract	2
realpath	dce_pass	2
realpath	producer_setup	1
realpath	pass_driver	1
rm	ai_domain	357
rm	sys	262
rm	fixpoint	238
rm	other	158
rm	dynlink	92
rm	gmp_zahlen	71
rm	stack_model	50
rm	frontend_lift	47
rm	refine_walk	44
rm	ocaml_runtime	28
rm	gc	24
rm	emit	21
rm	filter	13
rm	dce_pass	9
rm	pass_driver	3
rm	bap_glue	2
rm	producer_setup	1
rm	stl_pass	1
rmdir	ai_domain	175
rmdir	sys	168
rmdir	dynlink	94
rmdir	other	87
rmdir	frontend_lift	45
rmdir	fixpoint	40
rmdir	stack_model	35
rmdir	gmp_zahlen	34
rmdir	gc	29
rmdir	ocaml_runtime	26
rmdir	emit	8
rmdir	refine_walk	3
rmdir	bap_glue	2
rmdir	dce_pass	2
rmdir	extract	1
rmdir	pass_driver	1
seq	ai_domain	852
seq	sys	311
seq	other	206
seq	stack_model	200
seq	fixpoint	162
seq	gmp_zahlen	101
seq	dynlink	95
seq	frontend_lift	41
seq	ocaml_runtime	27
seq	gc	20
seq	refine_walk	19
seq	emit	17
seq	filter	13
seq	bap_glue	8
seq	pass_driver	4
seq	stl_pass	1
sha1sum	fixpoint	281
sha1sum	sys	232
sha1sum	ai_domain	118
sha1sum	other	104
sha1sum	refine_walk	62
sha1sum	gmp_zahlen	48
sha1sum	stack_model	35
sha1sum	frontend_lift	29
sha1sum	ocaml_runtime	17
sha1sum	dynlink	16
sha1sum	emit	14
sha1sum	gc	8
sha1sum	filter	5
sha1sum	extract	3
sha1sum	dce_pass	3
sha1sum	pass_driver	2
sha1sum	bap_glue	1
sha1sum	vla_detect	1
sha224sum	fixpoint	269
sha224sum	sys	193
sha224sum	ai_domain	110
sha224sum	other	105
sha224sum	dynlink	93
sha224sum	refine_walk	72
sha224sum	frontend_lift	55
sha224sum	stack_model	50
sha224sum	gmp_zahlen	44
sha224sum	gc	32
sha224sum	ocaml_runtime	31
sha224sum	emit	13
sha224sum	filter	9
sha224sum	bap_glue	3
sha224sum	extract	3
sha224sum	dce_pass	2
sha224sum	pass_driver	2
sha224sum	producer_setup	1
sha224sum	stl_pass	1
sha256sum	fixpoint	291
sha256sum	sys	245
sha256sum	other	120
sha256sum	ai_domain	111
sha256sum	dynlink	96
sha256sum	refine_walk	75
sha256sum	frontend_lift	48
sha256sum	gmp_zahlen	41
sha256sum	ocaml_runtime	37
sha256sum	stack_model	33
sha256sum	gc	32
sha256sum	emit	13
sha256sum	filter	9
sha256sum	dce_pass	3
sha256sum	bap_glue	2
sha256sum	extract	2
sha256sum	pass_driver	2
sha256sum	producer_setup	1
sha384sum	ai_domain	304
sha384sum	sys	229
sha384sum	other	111
sha384sum	fixpoint	71
sha384sum	dynlink	66
sha384sum	gmp_zahlen	44
sha384sum	stack_model	40
sha384sum	frontend_lift	29
sha384sum	ocaml_runtime	20
sha384sum	emit	18
sha384sum	gc	15
sha384sum	refine_walk	5
sha384sum	filter	5
sha384sum	bap_glue	1
sha384sum	extract	1
sha384sum	pass_driver	1
sha384sum	dce_pass	1
sha512sum	fixpoint	247
sha512sum	sys	196
sha512sum	ai_domain	194
sha512sum	other	97
sha512sum	dynlink	93
sha512sum	refine_walk	75
sha512sum	frontend_lift	51
sha512sum	gmp_zahlen	40
sha512sum	stack_model	38
sha512sum	gc	33
sha512sum	ocaml_runtime	15
sha512sum	emit	14
sha512sum	filter	6
sha512sum	pass_driver	3
sha512sum	producer_setup	2
sha512sum	stl_pass	2
sha512sum	dce_pass	2
sha512sum	bap_glue	1
shred	ai_domain	304
shred	sys	227
shred	fixpoint	208
shred	other	162
shred	dynlink	95
shred	frontend_lift	71
shred	gmp_zahlen	65
shred	stack_model	59
shred	refine_walk	54
shred	ocaml_runtime	38
shred	gc	38
shred	emit	18
shred	filter	13
shred	dce_pass	2
shred	pass_driver	2
shred	bap_glue	1
shred	extract	1
shred	producer_glue	1
shred	stl_pass	1
shuf	ai_domain	376
shuf	sys	223
shuf	other	136
shuf	dynlink	91
shuf	fixpoint	60
shuf	frontend_lift	55
shuf	gmp_zahlen	53
shuf	stack_model	51
shuf	ocaml_runtime	33
shuf	gc	23
shuf	emit	20
shuf	refine_walk	5
shuf	filter	4
shuf	bap_glue	3
shuf	dce_pass	3
shuf	pass_driver	3
shuf	producer_setup	1
shuf	stl_pass	1
sleep	ai_domain	184
sleep	sys	175
sleep	dynlink	90
sleep	other	78
sleep	frontend_lift	41
sleep	fixpoint	41
sleep	gmp_zahlen	31
sleep	gc	27
sleep	stack_model	22
sleep	ocaml_runtime	18
sleep	emit	9
sleep	refine_walk	7
sleep	filter	6
sleep	dce_pass	2
sleep	bap_glue	1
sleep	stl_pass	1
sort	ai_domain	1049
sort	sys	415
sort	other	287
sort	gmp_zahlen	162
sort	stack_model	119
sort	dynlink	90
sort	frontend_lift	61
sort	emit	39
sort	gc	32
sort	ocaml_runtime	31
sort	filter	19
sort	fixpoint	15
sort	dce_pass	8
sort	pass_driver	7
sort	bap_glue	6
sort	refine_walk	1
split	fixpoint	335
split	sys	229
split	ai_domain	189
split	other	178
split	dynlink	88
split	refine_walk	86
split	gmp_zahlen	68
split	frontend_lift	59
split	stack_model	46
split	ocaml_runtime	37
split	gc	23
split	emit	17
split	extract	7
split	filter	7
split	dce_pass	3
split	pass_driver	2
split	producer_setup	2
split	bap_glue	1
split	stl_pass	1
stat	ai_domain	1104
stat	fixpoint	617
stat	sys	462
stat	stack_model	439
stat	other	317
stat	refine_walk	222
stat	gmp_zahlen	164
stat	dynlink	95
stat	frontend_lift	48
stat	ocaml_runtime	37
stat	emit	27
stat	gc	25
stat	filter	22
stat	pass_driver	11
stat	bap_glue	8
stat	dce_pass	5
stat	producer_setup	2
stat	extract	2
stdbuf	fixpoint	235
stdbuf	sys	180
stdbuf	ai_domain	107
stdbuf	dynlink	90
stdbuf	other	76
stdbuf	refine_walk	61
stdbuf	gmp_zahlen	38
stdbuf	frontend_lift	34
stdbuf	stack_model	27
stdbuf	gc	22
stdbuf	ocaml_runtime	20
stdbuf	emit	13
stdbuf	filter	9
stdbuf	bap_glue	4
stdbuf	pass_driver	3
stdbuf	dce_pass	3
stdbuf	extract	2
stdbuf	stl_pass	1
stty	fixpoint	323
stty	sys	195
stty	other	150
stty	ai_domain	141
stty	dynlink	97
stty	refine_walk	64
stty	frontend_lift	57
stty	gmp_zahlen	44
stty	stack_model	44
stty	gc	28
stty	ocaml_runtime	19
stty	emit	19
stty	filter	7
stty	producer_setup	3
stty	extract	2
stty	stl_pass	2
stty	dce_pass	2
stty	bap_glue	1
stty	pass_driver	1
sum	ai_domain	397
sum	sys	217
sum	other	131
sum	dynlink	92
sum	gmp_zahlen	57
sum	fixpoint	56
sum	stack_model	40
sum	frontend_lift	30
sum	ocaml_runtime	29
sum	gc	16
sum	emit	13
sum	filter	10
sum	refine_walk	7
sum	bap_glue	2
sum	dce_pass	2
sum	pass_driver	1
sync	ai_domain	180
sync	sys	158
sync	dynlink	97
sync	other	74
sync	frontend_lift	68
sync	fixpoint	59
sync	ocaml_runtime	43
sync	gc	35
sync	gmp_zahlen	30
sync	stack_model	30
sync	refine_walk	19
sync	emit	6
sync	filter	5
sync	bap_glue	2
sync	pass_driver	2
sync	dce_pass	2
tac	ai_domain	1505
tac	sys	476
tac	other	329
tac	gmp_zahlen	227
tac	dynlink	94
tac	stack_model	86
tac	frontend_lift	53
tac	emit	51
tac	fixpoint	43
tac	ocaml_runtime	37
tac	gc	28
tac	filter	17
tac	bap_glue	9
tac	dce_pass	6
tac	pass_driver	5
tac	refine_walk	4
tac	stl_pass	1
tail	ai_domain	649
tail	sys	257
tail	other	216
tail	gmp_zahlen	98
tail	fixpoint	97
tail	dynlink	91
tail	frontend_lift	86
tail	stack_model	71
tail	ocaml_runtime	44
tail	emit	27
tail	gc	23
tail	filter	15
tail	bap_glue	5
tail	pass_driver	4
tail	refine_walk	3
tail	dce_pass	3
tail	stl_pass	1
tee	fixpoint	210
tee	sys	190
tee	ai_domain	112
tee	dynlink	105
tee	other	97
tee	refine_walk	61
tee	frontend_lift	42
tee	gmp_zahlen	34
tee	ocaml_runtime	33
tee	stack_model	33
tee	gc	27
tee	emit	13
tee	filter	5
tee	bap_glue	2
tee	producer_setup	1
test	fixpoint	308
test	sys	190
test	ai_domain	146
test	other	124
test	dynlink	84
test	refine_walk	65
test	frontend_lift	57
test	gmp_zahlen	44
test	ocaml_runtime	36
test	stack_model	35
test	gc	26
test	emit	19
test	filter	7
test	dce_pass	3
test	pass_driver	3
test	bap_glue	1
test	extract	1
test	stl_pass	1
timeout	fixpoint	217
timeout	sys	164
timeout	other	106
timeout	ai_domain	91
timeout	dynlink	85
timeout	refine_walk	52
timeout	frontend_lift	51
timeout	gmp_zahlen	41
timeout	gc	31
timeout	stack_model	31
timeout	ocaml_runtime	26
timeout	emit	5
timeout	bap_glue	4
timeout	filter	3
timeout	stl_pass	2
timeout	pass_driver	2
timeout	producer_setup	1
touch	ai_domain	575
touch	sys	342
touch	other	182
touch	stack_model	173
touch	fixpoint	117
touch	gmp_zahlen	65
touch	refine_walk	22
touch	emit	22
touch	frontend_lift	20
touch	ocaml_runtime	11
touch	filter	7
touch	extract	3
touch	bap_glue	2
touch	producer_setup	2
touch	stl_pass	2
touch	pass_driver	2
touch	gc	1
touch	dce_pass	1
tr	fixpoint	234
tr	ai_domain	226
tr	sys	211
tr	other	144
tr	dynlink	93
tr	frontend_lift	67
tr	refine_walk	65
tr	gmp_zahlen	42
tr	gc	35
tr	stack_model	33
tr	ocaml_runtime	23
tr	emit	15
tr	filter	8
tr	dce_pass	3
tr	bap_glue	2
tr	extract	2
tr	pass_driver	2
tr	producer_setup	1
tr	stl_pass	1
true	fixpoint	172
true	sys	167
true	dynlink	84
true	ai_domain	84
true	other	66
true	refine_walk	59
true	frontend_lift	44
true	ocaml_runtime	27
true	gmp_zahlen	25
true	gc	24
true	stack_model	21
true	emit	4
true	extract	3
true	bap_glue	2
true	pass_driver	2
true	dce_pass	2
true	producer_setup	1
true	filter	1
truncate	ai_domain	281
truncate	sys	199
truncate	dynlink	89
truncate	other	73
truncate	frontend_lift	60
truncate	ocaml_runtime	36
truncate	gmp_zahlen	33
truncate	stack_model	33
truncate	gc	26
truncate	emit	8
truncate	filter	6
truncate	fixpoint	5
truncate	dce_pass	3
truncate	bap_glue	2
truncate	pass_driver	1
tsort	fixpoint	228
tsort	sys	157
tsort	ai_domain	90
tsort	dynlink	87
tsort	frontend_lift	86
tsort	other	78
tsort	refine_walk	54
tsort	gc	42
tsort	ocaml_runtime	41
tsort	gmp_zahlen	40
tsort	stack_model	31
tsort	emit	13
tsort	dce_pass	4
tsort	pass_driver	3
tsort	filter	3
tsort	producer_setup	2
tsort	extract	2
tty	fixpoint	176
tty	sys	114
tty	ai_domain	87
tty	dynlink	84
tty	other	83
tty	refine_walk	65
tty	frontend_lift	53
tty	gc	31
tty	gmp_zahlen	30
tty	ocaml_runtime	26
tty	stack_model	26
tty	filter	7
tty	emit	7
tty	bap_glue	1
tty	extract	1
tty	dce_pass	1
uname	fixpoint	200
uname	sys	171
uname	ai_domain	85
uname	refine_walk	74
uname	dynlink	69
uname	other	57
uname	gmp_zahlen	34
uname	stack_model	29
uname	frontend_lift	22
uname	gc	17
uname	ocaml_runtime	16
uname	emit	7
uname	filter	4
uname	extract	3
uname	bap_glue	1
uname	producer_setup	1
uname	dce_pass	1
unexpand	ai_domain	227
unexpand	sys	204
unexpand	other	94
unexpand	dynlink	82
unexpand	fixpoint	53
unexpand	gmp_zahlen	49
unexpand	frontend_lift	42
unexpand	ocaml_runtime	39
unexpand	stack_model	31
unexpand	gc	21
unexpand	emit	18
unexpand	dce_pass	3
unexpand	pass_driver	2
unexpand	filter	2
unexpand	extract	1
unexpand	stl_pass	1
uniq	ai_domain	261
uniq	sys	178
uniq	other	92
uniq	dynlink	91
uniq	fixpoint	68
uniq	frontend_lift	48
uniq	gmp_zahlen	37
uniq	stack_model	33
uniq	gc	26
uniq	ocaml_runtime	24
uniq	refine_walk	12
uniq	emit	12
uniq	filter	5
uniq	extract	1
uniq	dce_pass	1
uniq	pass_driver	1
unlink	sys	174
unlink	fixpoint	168
unlink	other	92
unlink	dynlink	83
unlink	ai_domain	74
unlink	frontend_lift	55
unlink	refine_walk	55
unlink	ocaml_runtime	34
unlink	gc	34
unlink	gmp_zahlen	29
unlink	stack_model	23
unlink	filter	5
unlink	emit	4
unlink	extract	3
unlink	pass_driver	1
unlink	stl_pass	1
unlink	dce_pass	1
users	ai_domain	213
users	sys	162
users	fixpoint	107
users	other	106
users	dynlink	88
users	frontend_lift	65
users	stack_model	36
users	gmp_zahlen	35
users	ocaml_runtime	31
users	gc	30
users	refine_walk	23
users	emit	10
users	filter	6
users	pass_driver	4
users	bap_glue	1
users	extract	1
vdir	ai_domain	990
vdir	sys	548
vdir	fixpoint	469
vdir	stack_model	295
vdir	other	226
vdir	refine_walk	201
vdir	gmp_zahlen	164
vdir	dynlink	84
vdir	frontend_lift	61
vdir	emit	48
vdir	ocaml_runtime	43
vdir	gc	34
vdir	filter	19
vdir	pass_driver	10
vdir	dce_pass	7
vdir	extract	3
vdir	producer_glue	2
vdir	stl_pass	2
vdir	bap_glue	1
wc	ai_domain	327
wc	sys	289
wc	fixpoint	278
wc	other	161
wc	refine_walk	98
wc	gmp_zahlen	72
wc	stack_model	47
wc	dynlink	38
wc	frontend_lift	38
wc	emit	19
wc	ocaml_runtime	13
wc	gc	11
wc	filter	11
wc	pass_driver	4
wc	dce_pass	3
wc	bap_glue	2
wc	extract	2
wc	producer_setup	1
wc	stl_pass	1
who	fixpoint	572
who	ai_domain	565
who	sys	379
who	other	232
who	stack_model	209
who	refine_walk	137
who	gmp_zahlen	116
who	dynlink	94
who	frontend_lift	83
who	ocaml_runtime	42
who	gc	31
who	emit	22
who	filter	17
who	dce_pass	7
who	pass_driver	4
who	bap_glue	3
who	extract	2
who	producer_setup	2
who	stl_pass	1
whoami	fixpoint	164
whoami	sys	163
whoami	other	91
whoami	dynlink	87
whoami	ai_domain	82
whoami	refine_walk	65
whoami	frontend_lift	56
whoami	gc	32
whoami	ocaml_runtime	29
whoami	stack_model	23
whoami	gmp_zahlen	18
whoami	emit	7
whoami	filter	5
whoami	bap_glue	4
whoami	dce_pass	2
whoami	pass_driver	1
yes	ai_domain	183
yes	sys	176
yes	fixpoint	107
yes	other	94
yes	dynlink	84
yes	refine_walk	66
yes	gmp_zahlen	43
yes	frontend_lift	38
yes	ocaml_runtime	29
yes	gc	25
yes	stack_model	24
yes	emit	12
yes	bap_glue	2
yes	filter	2
yes	extract	1
yes	producer_glue	1
yes	pass_driver	1
